epoch,critic_grad_norm,d_loss,g_loss,val_critic_grad_norm,val_d_loss,val_g_loss
0,1.4161039005137153,-0.36157867312431335,-0.5675591230392456,NA,NA,NA
1,1.3704714553637638,-1.6242254972457886,-0.05107029899954796,NA,NA,NA
2,1.1893109223908849,-2.414027214050293,-0.3635448217391968,NA,NA,NA
