epoch,_fake_pred,_gp,_real_pred,critic_grad_norm,d_loss,g_loss,val__fake_pred,val__gp,val__real_pred,val_critic_grad_norm,val_d_loss,val_g_loss
0,0.67724609375,0.09303494542837143,2.466796875,2.6682734348272024,1.8974074125289917,1.4629058837890625,NA,NA,NA,NA,NA,NA
1,-0.96484375,7.795079708099365,66.375,57.58729796464506,-13.803667068481445,-0.6701027154922485,NA,NA,NA,NA,NA,NA
2,2.00390625,30.521892547607422,39.75,20.098394786742958,-23.979930877685547,-0.7288765907287598,NA,NA,NA,NA,NA,NA
3,5.26953125,45.05763244628906,55.5,36.650600398951944,-48.941402435302734,-1.2989919185638428,NA,NA,NA,NA,NA,NA
4,nan,nan,nan,nan,nan,nan,NA,NA,NA,NA,NA,NA
